dept_id,dept_name
1,HR
2,Telecom
3,Billing
4,Sales
5,Admin
6,IT
7,Management
8,Inventory
9,Public Relations
10,Marketing
555,Test
666,Test##
777,Test---
1,HR
2,Telecom
3,Billing
4,Sales
5,Admin
6,IT
7,Management
8,Inventory
9,Public Relations
10,Marketing
555,Test
666,Test##
777,Test---
1,HR
2,Telecom
3,Billing
4,Sales
5,Admin
6,IT
7,Management
8,Inventory
9,Public Relations
10,Marketing
555,Test
666,Test##
777,Test---
1,HR
2,Telecom
3,Billing
4,Sales
5,Admin
6,IT
7,Management
8,Inventory
9,Public Relations
10,Marketing
555,Test
666,Test##
777,Test---
1,HR
2,Telecom
3,Billing
4,Sales
5,Admin
6,IT
7,Management
8,Inventory
9,Public Relations
10,Marketing
555,Test
666,Test##
777,Test---
