first_name,last_name,city,county,state,zip,dept_id
James,Butt,New Orleans,Orleans,LA,70116,1
Ernie,Stenseth,Ridgefield Park,Bergen,NJ,7660,1
Albina,Glick,Dunellen,Middlesex,NJ,8812,1
Alishia,Sergi,New York,New York,NY,10025,1
Solange,Shinko,Metairie,Jefferson,LA,70002,1
Jose,Stockham,New York,New York,NY,10011,1
Rozella,Ostrosky,Camarillo,Ventura,CA,93012,1
Valentine,Gillian,San Antonio,Bexar,TX,78204,1
Kati,Rulapaugh,Abilene,Dickinson,KS,67410,1
Youlanda,Schemmer,Prineville,Crook,OR,97754,1
Dyan,Oldroyd,Overland Park,Johnson,KS,66204,1
Roxane,Campain,Fairbanks,Fairbanks North Star,AK,99708,1
Lavera,Perin,Miami,Miami-Dade,FL,33196,1
Erick,Ferencz,Fairbanks,Fairbanks North Star,AK,99712,1
Fatima,Saylors,Hopkins,Hennepin,MN,55343,1
Jina,Briddick,Boston,Suffolk,MA,2128,1
Kanisha,Waycott,Los Angeles,Los Angeles,CA,90006,1
Emerson,Bowley,Madison,Dane,WI,53711,2
Blair,Malet,Philadelphia,Philadelphia,PA,19132,2
Brock,Bolognia,New York,New York,NY,10003,2
Lorrie,Nestle,Tullahoma,Coffee,TN,37388,2
Sabra,Uyetake,Columbia,Richland,SC,29201,2
Marjory,Mastella,Wayne,Delaware,PA,19087,2
Karl,Klonowski,Flemington,Hunterdon,NJ,8822,2
Tonette,Wenner,Westbury,Nassau,NY,11590,2
Amber,Monarrez,Jenkintown,Montgomery,PA,19046,2
Shenika,Seewald,Van Nuys,Los Angeles,CA,91405,2
Delmy,Ahle,Providence,Providence,RI,2909,3
Deeanna,Juhas,Huntingdon Valley,Montgomery,PA,19006,3
Blondell,Pugh,Providence,Providence,RI,2904,3
Jamal,Vanausdal,Monroe Township,Middlesex,NJ,8831,3
Cecily,Hollack,Austin,Travis,TX,78731,3
Carmelina,Lindall,Littleton,Douglas,CO,80126,3
Maurine,Yglesias,Milwaukee,Milwaukee,WI,53214,3
Tawna,Buvens,New York,New York,NY,10009,3
Penney,Weight,Anchorage,Anchorage,AK,99515,3
Elly,Morocco,Erie,Erie,PA,16502,3
Ilene,Eroman,Glen Burnie,Anne Arundel,MD,21061,3
Vallie,Mondella,Boise,Ada,ID,83707,3
Kallie,Blackwood,San Francisco,San Francisco,CA,94104,4
Johnetta,Abdallah,Chapel Hill,Orange,NC,27514,4
Bobbye,Rhym,San Carlos,San Mateo,CA,94070,4
Micaela,Rhymes,Concord,Contra Costa,CA,94520,4
Tamar,Hoogland,London,Madison,OH,43140,4
Moon,Parlato,Wellsville,Allegany,NY,14895,4
Laurel,Reitler,Baltimore,Baltimore City,MD,21215,4
Delisa,Crupi,Newark,Essex,NJ,7105,4
Viva,Toelkes,Chicago,Cook,IL,60647,4
Elza,Lipke,Newark,Essex,NJ,7104,4
Devorah,Chickering,Clovis,Curry,NM,88101,4
Timothy,Mulqueen,Staten Island,Richmond,NY,10309,4
Arlette,Honeywell,Jacksonville,Duval,FL,32254,4
Dominque,Dickerson,Hayward,Alameda,CA,94545,4
Lettie,Isenhower,Beachwood,Cuyahoga,OH,44122,5
Myra,Munns,Euless,Tarrant,TX,76040,5
Stephaine,Barfield,Gardena,Los Angeles,CA,90247,5
Lai,Gato,Evanston,Cook,IL,60201,5
Stephen,Emigh,Akron,Summit,OH,44302,5
Tyra,Shields,Philadelphia,Philadelphia,PA,19106,5
Tammara,Wardrip,Burlingame,San Mateo,CA,94010,5
Cory,Gibes,San Gabriel,Los Angeles,CA,91776,5
Danica,Bruschke,Waco,McLennan,TX,76708,5
Wilda,Giguere,Anchorage,Anchorage,AK,99501,5
Elvera,Benimadho,San Jose,Santa Clara,CA,95110,5
Carma,Vanheusen,San Leandro,Alameda,CA,94577,5
Malinda,Hochard,Indianapolis,Marion,IN,46202,5
Natalie,Fern,Rock Springs,Sweetwater,WY,82901,5
Lisha,Centini,Mc Lean,Fairfax,VA,22102,6
Arlene,Klusman,New Orleans,Orleans,LA,70112,6
Alease,Buemi,Boulder,Boulder,CO,80303,6
Louisa,Cronauer,San Leandro,Alameda,CA,94577,6
Lorrine,Worlds,Tampa,Hillsborough,FL,33614,6
Peggie,Sturiale,El Cajon,San Diego,CA,92020,6
Marvel,Raymo,College Station,Brazos,TX,77840,6
Daron,Dinos,Highland Park,Lake,IL,60035,6
An,Fritz,Atlantic City,Atlantic,NJ,8401,6
Portia,Stimmel,Bridgewater,Somerset,NJ,8807,6
Rhea,Aredondo,Brooklyn,Kings,NY,11226,6
Benedict,Sama,Saint Louis,Saint Louis City,MO,63104,7
Alyce,Arias,Stockton,San Joaquin,CA,95207,7
Heike,Berganza,Little Falls,Passaic,NJ,7424,7
Carey,Dopico,Indianapolis,Marion,IN,46220,7
Dottie,Hellickson,Seattle,King,WA,98133,7
Deandrea,Hughey,Burlington,Alamance,NC,27215,7
Kimberlie,Duenas,Hays,Ellis,KS,67601,7
Martina,Staback,Orlando,Orange,FL,32822,7
Brandon,Callaro,Honolulu,Honolulu,HI,96819,7
Scarlet,Cartan,Albany,Dougherty,GA,31701,7
Oretha,Menter,Boston,Suffolk,MA,2210,7
Ty,Smith,Hackensack,Bergen,NJ,7601,7
Xuan,Rochin,San Mateo,San Mateo,CA,94403,8
Lindsey,Dilello,Ontario,San Bernardino,CA,91761,8
Devora,Perez,Oakland,Alameda,CA,94606,8
Herman,Demesa,Troy,Rensselaer,NY,12180,8
Rory,Papasergi,Clarks Summit,Lackawanna,PA,18411,9
Talia,Riopelle,Orange,Essex,NJ,7050,9
Van,Shire,Pittstown,Hunterdon,NJ,8867,10
Lucina,Lary,Cocoa,Brevard,FL,32922,10
Bok,Isaacs,Bronx,Bronx,NY,10468,10
Rolande,Spickerman,Pearl City,Honolulu,HI,96782,10
Scarlet,Cartan,Albany,Dougherty,GA,31701,11
Oretha,Menter,Boston,Suffolk,MA,2210,11
Ty,Smith,Hackensack,Bergen,NJ,7601,22
Xuan,Rochin,San Mateo,San Mateo,CA,94403,33
Lindsey,Dilello,Ontario,San Bernardino,CA,91761,44
Devora,Perez,Oakland,Alameda,CA,94606,55
Herman,Demesa,Troy,Rensselaer,NY,12180,66
Rory,Papasergi,Clarks Summit,Lackawanna,PA,18411,77
Talia,Riopelle,Orange,Essex,NJ,7050,88
Van,Shire,Pittstown,Hunterdon,NJ,8867,99
Lucina,Lary,Cocoa,Brevard,FL,32922,110
Bok,Isaacs,Bronx,Bronx,NY,10468,110
James,Butt,New Orleans,Orleans,LA,70116,1
Ernie,Stenseth,Ridgefield Park,Bergen,NJ,7660,1
Albina,Glick,Dunellen,Middlesex,NJ,8812,1
Alishia,Sergi,New York,New York,NY,10025,1
Solange,Shinko,Metairie,Jefferson,LA,70002,1
Jose,Stockham,New York,New York,NY,10011,1
Rozella,Ostrosky,Camarillo,Ventura,CA,93012,1
Valentine,Gillian,San Antonio,Bexar,TX,78204,1
Rory,Papasergi,Clarks Summit,Lackawanna,PA,18411,9
Talia,Riopelle,Orange,Essex,NJ,7050,9
Van,Shire,Pittstown,Hunterdon,NJ,8867,10
Lucina,Lary,Cocoa,Brevard,FL,32922,10
Bok,Isaacs,Bronx,Bronx,NY,10468,10
Rolande,Spickerman,Pearl City,Honolulu,HI,96782,10
Scarlet,Cartan,Albany,Dougherty,GA,31701,11
Oretha,Menter,Boston,Suffolk,MA,2210,11
Ty,Smith,Hackensack,Bergen,NJ,7601,22
Xuan,Rochin,San Mateo,San Mateo,CA,94403,33
Lindsey,Dilello,Ontario,San Bernardino,CA,91761,44
Devora,Perez,Oakland,Alameda,CA,94606,55
Herman,Demesa,Troy,Rensselaer,NY,12180,66
Rory,Papasergi,Clarks Summit,Lackawanna,PA,18411,77
Talia,Riopelle,Orange,Essex,NJ,7050,88
Van,Shire,Pittstown,Hunterdon,NJ,8867,99
